﻿<?xml version="1.0" encoding="UTF-8" standalone="yes"?>
<addon id="script.Program.Boty"
   name="Boty"
   version="1.0.0"
   provider-name="Boty">
  <requires>
    <import addon="xbmc.python" version="2.14.0"/>
    <import addon="script.module.pyxbmct" version="1.1.4" />
  </requires>
  <extension point="xbmc.python.script" library="default.py">
    <provides>executable</provides>
  </extension>
  <extension point="xbmc.addon.metadata">
    <platform>all</platform>
    <summary lang="en">Kodi Bot Manager</summary>
    <description lang="en">Addon for Managing Kodi bot Configuration</description>
  </extension>
</addon>
